project_id,project_name,project_start_date,project_end_date,project_lead_id
1,"ERP System Implementation",2023-01-15,2024-06-30,14
2,"Cloud Migration",2023-03-01,2023-12-31,15
3,"Cybersecurity Enhancement",2023-05-01,2024-04-30,16
4,"Product Launch Campaign",2023-06-01,2023-09-30,7
5,"Digital Marketing Optimization",2023-04-15,2024-04-14,8
6,"Brand Refresh",2023-07-01,2024-01-31,9
7,"New Product Development",2023-02-01,2024-07-31,16
8,"Process Improvement Study",2023-08-01,2024-02-29,17
9,"Sustainable Materials Research",2023-09-15,2024-09-14,18
10,"CRM System Upgrade",2023-05-15,2023-11-30,10
11,"Sales Team Training Program",2023-07-01,2023-12-31,11
12,"Market Expansion Strategy",2023-10-01,2024-09-30,12
13,"Employee Engagement Initiative",2023-04-01,2024-03-31,1
14,"Talent Acquisition System Implementation",2023-06-15,2023-12-15,2
15,"Diversity and Inclusion Program",2023-08-01,2024-07-31,3
16,"Financial Reporting System Upgrade",2023-03-15,2023-09-30,4
17,"Cost Optimization Study",2023-07-01,2024-06-30,5
18,"Blockchain Integration for Payments",2023-09-01,2024-08-31,6
19,"Customer Support Chatbot Development",2023-05-01,2023-11-30,19
20,"Customer Feedback Analysis System",2023-08-15,2024-02-15,20
